source,author,title,description,url,publishedAt
GlobeNewswire,International Communication Workshop for Going-global of Binjiang Enterprises,"China's Hangzhou High-Tech Zone (Binjiang) Wows Global Media with Sophisticated Digital Empowerment in Business, Life, and Beyond","HANGZHOU, China, June 09, 2025 (GLOBE NEWSWIRE) -- On June 2, the 21st China International Cartoon & Animation Festival concluded in Hangzhou High-Tech Zone (Binjiang). The event showcased innovative scenarios where the animation industry merged with technolo…",https://www.globenewswire.com/news-release/2025/06/09/3095603/0/en/China-s-Hangzhou-High-Tech-Zone-Binjiang-Wows-Global-Media-with-Sophisticated-Digital-Empowerment-in-Business-Life-and-Beyond.html,2025-06-09T05:56:00Z
ETF Daily News,MarketBeat News,Uxin (NASDAQ:UXIN) & Heritage Global (NASDAQ:HGBL) Critical Review,"Uxin (NASDAQ:UXIN – Get Free Report) and Heritage Global (NASDAQ:HGBL – Get Free Report) are both small-cap computer and technology companies, but which is the better investment? We will contrast the two businesses based on the strength of their institutional…",https://www.etfdailynews.com/2025/06/09/uxin-nasdaquxin-heritage-global-nasdaqhgbl-critical-review/,2025-06-09T05:54:43Z
ETF Daily News,MarketBeat News,U-BX Technology (NASDAQ:UBXG) vs. Quantum Computing (NASDAQ:QUBT) Critical Contrast,"U-BX Technology (NASDAQ:UBXG – Get Free Report) and Quantum Computing (NASDAQ:QUBT – Get Free Report) are both small-cap business services companies, but which is the better investment? We will compare the two companies based on the strength of their risk, va…",https://www.etfdailynews.com/2025/06/09/u-bx-technology-nasdaqubxg-vs-quantum-computing-nasdaqqubt-critical-contrast/,2025-06-09T05:54:43Z
ETF Daily News,MarketBeat News,Head-To-Head Review: SkyWater Technology (NASDAQ:SKYT) versus indie Semiconductor (NASDAQ:INDI),"SkyWater Technology (NASDAQ:SKYT – Get Free Report) and indie Semiconductor (NASDAQ:INDI – Get Free Report) are both small-cap computer and technology companies, but which is the better investment? We will contrast the two companies based on the strength of t…",https://www.etfdailynews.com/2025/06/09/head-to-head-review-skywater-technology-nasdaqskyt-versus-indie-semiconductor-nasdaqindi/,2025-06-09T05:54:43Z
ETF Daily News,MarketBeat News,Tectonic Therapeutic (NASDAQ:TECX) vs. AlloVir (NASDAQ:ALVR) Head-To-Head Comparison,"Tectonic Therapeutic (NASDAQ:TECX – Get Free Report) and AlloVir (NASDAQ:ALVR – Get Free Report) are both small-cap medical companies, but which is the superior investment? We will compare the two companies based on the strength of their valuation, institutio…",https://www.etfdailynews.com/2025/06/09/tectonic-therapeutic-nasdaqtecx-vs-allovir-nasdaqalvr-head-to-head-comparison/,2025-06-09T05:52:56Z
ETF Daily News,MarketBeat News,Ultralife (NASDAQ:ULBI) Upgraded at Wall Street Zen,Wall Street Zen upgraded shares of Ultralife (NASDAQ:ULBI – Free Report) from a buy rating to a strong-buy rating in a research note issued to investors on Friday. Ultralife Price Performance Shares of ULBI opened at $7.70 on Friday. The company has a market …,https://www.etfdailynews.com/2025/06/09/ultralife-nasdaqulbi-upgraded-at-wall-street-zen/,2025-06-09T05:52:55Z
ETF Daily News,MarketBeat News,Verb Technology (NASDAQ:VERB) Upgraded at Wall Street Zen,"Wall Street Zen upgraded shares of Verb Technology (NASDAQ:VERB – Free Report) to a hold rating in a report published on Friday morning. Separately, Ascendiant Capital Markets increased their price objective on shares of Verb Technology from $60.00 to $62.00 …",https://www.etfdailynews.com/2025/06/09/verb-technology-nasdaqverb-upgraded-at-wall-street-zen/,2025-06-09T05:52:55Z
ETF Daily News,MarketBeat News,National Bank Financial Estimates DSGX Q2 Earnings,The Descartes Systems Group Inc. (NASDAQ:DSGX – Free Report) (TSE:DSG) – Equities research analysts at National Bank Financial lowered their Q2 2026 earnings per share (EPS) estimates for The Descartes Systems Group in a research note issued to investors on T…,https://www.etfdailynews.com/2025/06/09/national-bank-financial-estimates-dsgx-q2-earnings/,2025-06-09T05:52:53Z
ETF Daily News,MarketBeat News,StoneCo (NASDAQ:STNE) Cut to Hold at Wall Street Zen,Wall Street Zen downgraded shares of StoneCo (NASDAQ:STNE – Free Report) from a buy rating to a hold rating in a research note released on Friday. STNE has been the subject of a number of other research reports. Citigroup upgraded shares of StoneCo from a “ne…,https://www.etfdailynews.com/2025/06/09/stoneco-nasdaqstne-cut-to-hold-at-wall-street-zen/,2025-06-09T05:50:59Z
ETF Daily News,MarketBeat News,Reviewing Ideal Power (NASDAQ:IPWR) and Texas Instruments (NASDAQ:TXN),"Ideal Power (NASDAQ:IPWR – Get Free Report) and Texas Instruments (NASDAQ:TXN – Get Free Report) are both industrials companies, but which is the superior business? We will compare the two companies based on the strength of their earnings, valuation, analyst …",https://www.etfdailynews.com/2025/06/09/reviewing-ideal-power-nasdaqipwr-and-texas-instruments-nasdaqtxn/,2025-06-09T05:50:53Z
ETF Daily News,MarketBeat News,Financial Analysis: SCYNEXIS (NASDAQ:SCYX) vs. Bright Minds Biosciences (NASDAQ:DRUG),"SCYNEXIS (NASDAQ:SCYX – Get Free Report) and Bright Minds Biosciences (NASDAQ:DRUG – Get Free Report) are both small-cap medical companies, but which is the better business? We will compare the two companies based on the strength of their profitability, earni…",https://www.etfdailynews.com/2025/06/09/financial-analysis-scynexis-nasdaqscyx-vs-bright-minds-biosciences-nasdaqdrug/,2025-06-09T05:50:52Z
ETF Daily News,MarketBeat News,Relx Plc (NYSE:RELX) Given Average Rating of “Buy” by Brokerages,"Shares of Relx Plc (NYSE:RELX – Get Free Report) have been assigned an average rating of “Buy” from the five research firms that are presently covering the firm, Marketbeat Ratings reports. Four investment analysts have rated the stock with a buy recommendati…",https://www.etfdailynews.com/2025/06/09/relx-plc-nyserelx-given-average-rating-of-buy-by-brokerages/,2025-06-09T05:50:51Z
ETF Daily News,MarketBeat News,Kane Biotech (CVE:KNE) Shares Down 23.1% – Time to Sell?,"Kane Biotech Inc. (CVE:KNE – Get Free Report)’s share price traded down 23.1% during trading on Saturday . The company traded as low as C$0.05 and last traded at C$0.05. 159,625 shares traded hands during trading, an increase of 120% from the average session …",https://www.etfdailynews.com/2025/06/09/kane-biotech-cvekne-shares-down-23-1-time-to-sell/,2025-06-09T05:48:43Z
ETF Daily News,MarketBeat News,Kane Biotech (CVE:KNE) Trading Down 23.1% – Time to Sell?,"Kane Biotech Inc. (CVE:KNE – Get Free Report) dropped 23.1% during mid-day trading on Saturday . The company traded as low as C$0.05 and last traded at C$0.05. Approximately 159,625 shares changed hands during trading, an increase of 120% from the average dai…",https://www.etfdailynews.com/2025/06/09/kane-biotech-cvekne-trading-down-23-1-time-to-sell/,2025-06-09T05:48:43Z
STAT,mymarkup,NIH’s Human Genome Project archives are at risk of disappearing | STAT,"The NIH archives of the Human Genome Project could fall victim to Trump administration cuts, writes a former archivist.",https://www.statnews.com/2025/06/05/nih-national-human-genome-project-institute-hgp-archives-trump-cuts/,2025-06-09T05:47:01Z
ComputerWeekly.com,Caroline Donnelly,Local council devolution: Could it accelerate the pace of local government cloud adoption?,"The UK government is on a mission to rationalise the number of local councils through its devolution agenda, which will see authorities gain autonomy over their budgets. We weigh up the impact this could have on cloud adoption in local councils",https://www.computerweekly.com/feature/Local-council-devolution-Could-it-accelerate-the-pace-of-local-government-cloud-adoption,2025-06-09T05:46:00Z
The Times of India,ET Online,Ericsson to manage Bharti Airtel’s pan-India network under new multi-year contract,"Bharti Airtel has signed a multi-year Network Operations Center (NOC) Managed Services agreement with Ericsson. Ericsson will manage Airtel’s network operations across India, covering 4G, 5G NSA and SA, Fixed Wireless Access (FWA), Private Networks, and Netwo…",https://economictimes.indiatimes.com/industry/telecom/ericsson-to-manage-bharti-airtels-pan-india-network-under-new-multi-year-contract/articleshow/121719590.cms,2025-06-09T05:45:54Z
ETF Daily News,MarketBeat News,Ameresco (NYSE:AMRC) Upgraded at Wall Street Zen,Wall Street Zen upgraded shares of Ameresco (NYSE:AMRC – Free Report) from a sell rating to a hold rating in a research note issued to investors on Friday morning. A number of other analysts have also commented on AMRC. Baird R W lowered Ameresco from a “stro…,https://www.etfdailynews.com/2025/06/09/ameresco-nyseamrc-upgraded-at-wall-street-zen/,2025-06-09T05:44:48Z
ETF Daily News,MarketBeat News,Dassault Systèmes (OTCMKTS:DASTY) Upgraded at The Goldman Sachs Group,"The Goldman Sachs Group upgraded shares of Dassault Systèmes (OTCMKTS:DASTY – Free Report) to a strong-buy rating in a research note published on Friday morning,Zacks.com reports. Separately, Berenberg Bank upgraded Dassault Systèmes from a “hold” rating to a…",https://www.etfdailynews.com/2025/06/09/dassault-systemes-otcmktsdasty-upgraded-at-the-goldman-sachs-group/,2025-06-09T05:44:48Z
GlobeNewswire,Trifork Group AG,33/2025・Trifork Group: Weekly report on share buyback,"Company announcement no. 33 / 2025Schindellegi, Switzerland – 9 June 2025  Trifork Group: Weekly report on share buyback  On 28 February 2025, Trifork......",https://www.globenewswire.com/news-release/2025/06/09/3095602/0/en/33-2025-Trifork-Group-Weekly-report-on-share-buyback.html,2025-06-09T05:41:00Z
Thehealthcareblog.com,matthew holt,Now is the Time to Modernize Communication in the Medicaid Program,"By ABNER MASON What do television shows 60 Minutes, Roseanne, Designing Women, and Murder, She Wrote all have in common? They were top 10 prime time shows in the 1991 – 92Continue reading...",https://thehealthcareblog.com/blog/2025/06/09/now-is-the-time-to-modernize-communication-in-the-medicaid-program/,2025-06-09T05:38:11Z
The Times of India,ET Bureau,"Cyril Amarchand Mangaldas appoints former Disney executive Mihir Rale as Partner, Co-Head of Digital/ TMT","Mihir Rale, former Disney and Star India General Counsel, has joined Cyril Amarchand Mangaldas as a Partner and Co-Head of the Digital | TMT practice. Based in Mumbai, he brings over two decades of expertise in technology, data, and media.",https://economictimes.indiatimes.com/industry/media/entertainment/cyril-amarchand-mangaldas-appoints-former-disney-executive-mihir-rale-as-partner-co-head-of-digital/-tmt/articleshow/121719515.cms,2025-06-09T05:37:31Z
ETF Daily News,MarketBeat News,Zacks Research Has Weak Outlook for Haemonetics Q1 Earnings,"Haemonetics Co. (NYSE:HAE – Free Report) – Zacks Research dropped their Q1 2026 earnings per share (EPS) estimates for shares of Haemonetics in a research report issued to clients and investors on Thursday, June 5th. Zacks Research analyst R. Department now a…",https://www.etfdailynews.com/2025/06/09/zacks-research-has-weak-outlook-for-haemonetics-q1-earnings/,2025-06-09T05:36:58Z
ETF Daily News,MarketBeat News,Equities Analysts Set Expectations for AKAM FY2025 Earnings,"Akamai Technologies, Inc. (NASDAQ:AKAM – Free Report) – KeyCorp issued their FY2025 EPS estimates for shares of Akamai Technologies in a research note issued on Thursday, June 5th. KeyCorp analyst J. Ader expects that the technology infrastructure company wil…",https://www.etfdailynews.com/2025/06/09/equities-analysts-set-expectations-for-akam-fy2025-earnings/,2025-06-09T05:36:56Z
ETF Daily News,MarketBeat News,"AMN Healthcare Services, Inc. (NYSE:AMN) Receives Average Recommendation of “Hold” from Analysts","Shares of AMN Healthcare Services, Inc. (NYSE:AMN – Get Free Report) have been given an average recommendation of “Hold” by the eight analysts that are currently covering the company, MarketBeat Ratings reports. One investment analyst has rated the stock with…",https://www.etfdailynews.com/2025/06/09/amn-healthcare-services-inc-nyseamn-receives-average-recommendation-of-hold-from-analysts/,2025-06-09T05:34:48Z
ETF Daily News,MarketBeat News,Reviewing TuanChe (NASDAQ:TC) & Maximus (NYSE:MMS),"TuanChe (NASDAQ:TC – Get Free Report) and Maximus (NYSE:MMS – Get Free Report) are both retail/wholesale companies, but which is the better stock? We will compare the two businesses based on the strength of their profitability, dividends, institutional owners…",https://www.etfdailynews.com/2025/06/09/reviewing-tuanche-nasdaqtc-maximus-nysemms/,2025-06-09T05:34:48Z
ETF Daily News,MarketBeat News,Head to Head Analysis: SinglePoint (OTCMKTS:SING) versus SMA Solar Technology (OTCMKTS:SMTGF),"SinglePoint (OTCMKTS:SING – Get Free Report) and SMA Solar Technology (OTCMKTS:SMTGF – Get Free Report) are both computer and technology companies, but which is the superior stock? We will contrast the two companies based on the strength of their analyst reco…",https://www.etfdailynews.com/2025/06/09/head-to-head-analysis-singlepoint-otcmktssing-versus-sma-solar-technology-otcmktssmtgf/,2025-06-09T05:34:48Z
ETF Daily News,MarketBeat News,Analyzing Semrush (NASDAQ:SEMR) & Presto Automation (NASDAQ:PRST),"Semrush (NASDAQ:SEMR – Get Free Report) and Presto Automation (NASDAQ:PRST – Get Free Report) are both small-cap computer and technology companies, but which is the better business? We will compare the two businesses based on the strength of their earnings, v…",https://www.etfdailynews.com/2025/06/09/analyzing-semrush-nasdaqsemr-presto-automation-nasdaqprst/,2025-06-09T05:34:48Z
ETF Daily News,MarketBeat News,Comparing Priority Technology (NASDAQ:PRTH) and ZipLink (OTCMKTS:ZIPL),"Priority Technology (NASDAQ:PRTH – Get Free Report) and ZipLink (OTCMKTS:ZIPL – Get Free Report) are both business services companies, but which is the superior stock? We will compare the two companies based on the strength of their earnings, institutional ow…",https://www.etfdailynews.com/2025/06/09/comparing-priority-technology-nasdaqprth-and-ziplink-otcmktszipl/,2025-06-09T05:34:47Z
ETF Daily News,MarketBeat News,Analyzing BlackRock MuniHoldings California Quality Fund (NYSE:MUC) & Horizon Technology Finance (NASDAQ:HRZN),"BlackRock MuniHoldings California Quality Fund (NYSE:MUC – Get Free Report) and Horizon Technology Finance (NASDAQ:HRZN – Get Free Report) are both small-cap finance companies, but which is the better investment? We will contrast the two businesses based on t…",https://www.etfdailynews.com/2025/06/09/analyzing-blackrock-muniholdings-california-quality-fund-nysemuc-horizon-technology-finance-nasdaqhrzn/,2025-06-09T05:34:46Z
Everything-everywhere.com,Gary Arndt,How the Ancients Made Fire,"Podcast Transcript One of the most critical developments in the course of human history was the control of fire. Without fire, we probably wouldn’t have even reached the Stone Age, let alone the Industrial Age. But how exactly did ancient people make fire? To…",https://everything-everywhere.com/how-the-ancients-made-fire/,2025-06-09T05:31:43Z
CounterPunch,Mel Gurtov,The Trump-Xi Conversation: One Step in a Long March,President Trump finally got his wish for a conversation with Xi Jinping. Or perhaps I should say that President Xi granted Trump an audience. The Chinese leader has no doubt been energized by the adverse reaction inside as well as outside the US to Trump’s ta…,https://www.counterpunch.org/2025/06/09/the-trump-xi-conversation-one-step-in-a-long-march/,2025-06-09T05:30:32Z
ArchDaily,Antonia Piñeiro,"""Can We Think of a Building as a Microclimate?"": In Conversation With Bas Smets and Dennis Pohl About the Belgian Pavilion in Venice","The Belgian Pavilion at the Venice Architecture Biennale 2025 presents a prototype that integrates landscape architecture into architectural interiors. Designed by Bas Smets in collaboration with Stefano Mancuso, the exhibition transforms the pavilion into a …",https://www.archdaily.com/1030984/can-we-think-of-a-building-as-a-microclimate-in-conversation-with-bas-smets-and-dennis-pohl-about-the-belgian-pavilion-in-venice,2025-06-09T05:30:00Z
The Irish Times,Dominic Coyle,Data centres left waiting for grid connections,"The best news, analysis and comment from The Irish Times business desk",https://www.irishtimes.com/business/2025/06/09/data-centres-left-waiting-for-grid-connections-and-sharing-home-ev-chargers/,2025-06-09T05:29:40Z
ETF Daily News,MarketBeat News,Critical Contrast: Aptevo Therapeutics (NASDAQ:APVO) versus Johnson & Johnson (NYSE:JNJ),"Aptevo Therapeutics (NASDAQ:APVO – Get Free Report) and Johnson & Johnson (NYSE:JNJ – Get Free Report) are both medical companies, but which is the better business? We will contrast the two companies based on the strength of their institutional ownership, ana…",https://www.etfdailynews.com/2025/06/09/critical-contrast-aptevo-therapeutics-nasdaqapvo-versus-johnson-johnson-nysejnj/,2025-06-09T05:20:54Z
ETF Daily News,MarketBeat News,Head to Head Comparison: Liberty All-Star Growth Fund (NYSE:ASG) and Equus Total Return (NYSE:EQS),"Risk & Volatility Liberty All-Star Growth Fund has a beta of 1.24, indicating that its stock price is 24% more volatile than the S&P 500. Comparatively, Equus Total Return has a beta of 0.69, indicating that its stock price is 31% less volatile than the S&P 5…",https://www.etfdailynews.com/2025/06/09/head-to-head-comparison-liberty-all-star-growth-fund-nyseasg-and-equus-total-return-nyseeqs/,2025-06-09T05:20:52Z
ETF Daily News,MarketBeat News,Contrasting Grail (GRAL) & The Competition,"Grail (NASDAQ:GRAL – Get Free Report) is one of 48 public companies in the “Medical laboratories” industry, but how does it contrast to its peers? We will compare Grail to related businesses based on the strength of its valuation, profitability, dividends, in…",https://www.etfdailynews.com/2025/06/09/contrasting-grail-gral-the-competition/,2025-06-09T05:20:52Z
ETF Daily News,MarketBeat News,VS MEDIA (NASDAQ:VSME) versus WEBTOON Entertainment (NASDAQ:WBTN) Financial Analysis,"VS MEDIA (NASDAQ:VSME – Get Free Report) and WEBTOON Entertainment (NASDAQ:WBTN – Get Free Report) are both small-cap computer and technology companies, but which is the superior stock? We will contrast the two businesses based on the strength of their risk, …",https://www.etfdailynews.com/2025/06/09/vs-media-nasdaqvsme-versus-webtoon-entertainment-nasdaqwbtn-financial-analysis-2/,2025-06-09T05:20:51Z
ETF Daily News,MarketBeat News,Contrasting Pro-Dex (NASDAQ:PDEX) & iRhythm Technologies (NASDAQ:IRTC),"Pro-Dex (NASDAQ:PDEX – Get Free Report) and iRhythm Technologies (NASDAQ:IRTC – Get Free Report) are both medical companies, but which is the superior investment? We will contrast the two businesses based on the strength of their institutional ownership, risk…",https://www.etfdailynews.com/2025/06/09/contrasting-pro-dex-nasdaqpdex-irhythm-technologies-nasdaqirtc/,2025-06-09T05:18:55Z
ETF Daily News,MarketBeat News,Vera Bradley (VRA) Projected to Post Quarterly Earnings on Wednesday,"Vera Bradley (NASDAQ:VRA – Get Free Report) is anticipated to release its Q1 2026 earnings data before the market opens on Wednesday, June 11th. Analysts expect Vera Bradley to post earnings of ($0.13) per share and revenue of $53.48 million for the quarter. …",https://www.etfdailynews.com/2025/06/09/vera-bradley-vra-projected-to-post-quarterly-earnings-on-wednesday/,2025-06-09T05:18:51Z
ETF Daily News,MarketBeat News,"ICF International, Inc. (NASDAQ:ICFI) Receives Average Rating of “Moderate Buy” from Analysts","Shares of ICF International, Inc. (NASDAQ:ICFI – Get Free Report) have been assigned a consensus recommendation of “Moderate Buy” from the six analysts that are covering the company, Marketbeat.com reports. Two analysts have rated the stock with a hold rating…",https://www.etfdailynews.com/2025/06/09/icf-international-inc-nasdaqicfi-receives-average-rating-of-moderate-buy-from-analysts/,2025-06-09T05:18:49Z
BBC News,,Robot pets help care home dementia patients,The introduction of robot dogs and cats has significantly helped to reduce distress in residents.,https://www.bbc.com/news/articles/cx2r6ldekm3o,2025-06-09T05:13:34Z
The Local Sweden,Emma Löfgren,My Swedish Career: 'You can influence the way people behave towards foreigners',"Francisca Leonardo, or Frankie, shares the story of how a major health scare, just a couple of years after arriving in Sweden from Canada, sparked a radical career change: from biotechnology to running her own, unique travel brand in Stockholm.",https://www.thelocal.se/20250609/my-swedish-career-you-can-influence-the-way-people-behave-towards-foreigners,2025-06-09T05:11:59Z
BBC News,,Leaks and crumbling ceilings: Met says half its buildings face closure,The force is warning up to half of its buildings could become unusable over the next decade.,https://www.bbc.com/news/articles/cx2e0jy4j2jo,2025-06-09T05:11:45Z
Economictimes.com,NYT News Service,Tariff truce under strain as fresh US-China disputes emerge,"US-China trade talks are set to begin in London this week, but they come against a backdrop of renewed tensions. The two nations had agreed last month in Geneva to a 90-day pause on the 100 %+ tariffs they had imposed on each other. However, disputes have res…",https://m.economictimes.com/markets/stocks/news/tariff-truce-under-strain-as-fresh-us-china-disputes-emerge/fragile-truce-faces-fresh-turbulence/slideshow/121719117.cms,2025-06-09T05:11:28Z
CNA,,Getty argues its landmark UK copyright case does not threaten AI,"LONDON :Getty Images' landmark copyright lawsuit against artificial intelligence company Stability AI began at London's High Court on Monday, with Getty rejecting Stability AI's contention the case posed a threat to the generative AI industry.Seattle-based Ge…",https://www.channelnewsasia.com/business/getty-argues-its-landmark-uk-copyright-case-does-not-threaten-ai-5170956,2025-06-09T05:11:03Z
Adweek,Rebecca Stewart,Read Outgoing WPP CEO Mark Read’s Full Exit Statement,"Read said he is ""leaving WPP with an exceptional leadership team and a secure financial position.""",https://www.adweek.com/agencies/read-outgoing-wpp-ceo-mark-reads-full-exit-statement/,2025-06-09T05:09:38Z
Insurance Journal,Admin,"Chinese Hackers, User Lapses Turn Smartphones Into a ‘Mobile Security Crisis’","Cybersecurity investigators noticed a highly unusual software crash — it was affecting a small number of smartphones belonging to people who worked in government, politics, tech and journalism. The crashes, which began late last year and carried into 2025, we…",https://www.insurancejournal.com/news/national/2025/06/09/826715.htm,2025-06-09T05:08:27Z
ETF Daily News,MarketBeat News,Kane Biotech (CVE:KNE) Trading Down 23.1% – Here’s Why,"Kane Biotech Inc. (CVE:KNE – Get Free Report)’s share price dropped 23.1% on Saturday . The stock traded as low as C$0.05 and last traded at C$0.05. Approximately 159,625 shares were traded during mid-day trading, an increase of 120% from the average daily vo…",https://www.etfdailynews.com/2025/06/09/kane-biotech-cvekne-trading-down-23-1-heres-why/,2025-06-09T05:04:59Z
ETF Daily News,MarketBeat News,ITM Power (LON:ITM) Shares Up 18.4% – Here’s What Happened,"ITM Power Plc (LON:ITM – Get Free Report)’s stock price rose 18.4% on Saturday . The company traded as high as GBX 75.20 ($1.02) and last traded at GBX 72.70 ($0.98). Approximately 13,991,459 shares were traded during mid-day trading, an increase of 203% from…",https://www.etfdailynews.com/2025/06/09/itm-power-lonitm-shares-up-18-4-heres-what-happened/,2025-06-09T05:04:52Z
New Zealand Herald,,Fieldays 2025: More than 1200 exhibitors to open doors at Mystery Creek,'Fieldays is our home for four days each year. A space for connection and celebration.',https://www.nzherald.co.nz/waikato-news/news/fieldays-2025-more-than-1200-exhibitors-to-open-doors-at-mystery-creek/7IKKA65LU5C5RCLLP7F74TF3I4/,2025-06-09T05:03:11Z
New Atlas,Paul Ridden,First shared dockless cargo ebike in the US throttles into action,"There are times when a cargo ebike becomes an attractive alternative to the family car when heading into town to pick up a few groceries. If you can't afford to splurge a couple of grand for infrequent use, shared mobility outfit Veo has launched the first do…",https://newatlas.com/bicycles/veo-apollo-shared-dockless-cargo-ebike/,2025-06-09T05:03:00Z
GlobeNewswire,AS LHV Group,Mihkel Kasepuu to Join Management Board of LHV Pank,"The Supervisory Board of AS LHV Pank, subsidiary of AS LHV Group, has elected Mihkel Kasepuu as a Member of the Management Board, with responsibility for technology and product development. Whether the new board member meets the eligibility requirements will …",https://www.globenewswire.com/news-release/2025/06/09/3095601/0/en/Mihkel-Kasepuu-to-Join-Management-Board-of-LHV-Pank.html,2025-06-09T05:01:00Z
SoraNews24,Master Blaster,Trying to keep our cool with Amazon Japan’s lowest-rated fan and lucky amulet set,"The lucky amulet will ensure luck in online shopping, starting after this purchase. Summer is just around the corner and keeping cool isn’t just a good idea, it’s a matter of staying healthy in these ever-increasing temperatures, so our writer Masanuki Sunako…",https://soranews24.com/2025/06/09/trying-to-keep-our-cool-with-amazon-japans-lowest-rated-fan-and-lucky-amulet-set/,2025-06-09T05:00:55Z
Geeky Gadgets,Roland Hutchinson,The Future of Your iPhone: iOS 26 Beta Arrives SOON!,"Apple is preparing to unveil iOS 26, the latest iteration of its mobile operating system. This update is set to bring a host of improvements, combining enhanced performance, refined user experience, and expanded device compatibility. With its release on the h…",https://www.geeky-gadgets.com/ios-26-final-countdown/,2025-06-09T05:00:02Z
The Irish Times,Hugh Dooley,15 data centres awaiting decision on gas network connection,Industry executive warns that existing Irish retail data centres are nearing maximum capacity or ‘going dark’,https://www.irishtimes.com/business/2025/06/09/15-data-centres-awaiting-decision-on-gas-network-connection/,2025-06-09T05:00:00Z
ComputerWeekly.com,Bill Goodwin,US lawmakers say UK has ‘gone too far’ by attacking Apple’s encryption,US politicians are calling for Congress to rewrite the US Cloud Act to prevent the UK issuing orders to require US tech companies to introduce ‘backdoors’ in end-to-end encrypted messaging and storage,https://www.computerweekly.com/news/366625614/US-lawmakers-say-UK-has-gone-too-far-by-attacking-Apples-encryption,2025-06-09T05:00:00Z
GlobeNewswire,AS LHV Group,LHV Group Elects Mihkel Torim as New CEO,"The Supervisory Board of AS LHV Group has elected Mihkel Torim as Chairman of the Management Board and CEO of LHV Group. He currently serves as Head of Investment Banking at LHV Bank. Torim will assume the role on 22 July 2025, succeeding Madis Toomsalu, who …",https://www.globenewswire.com/news-release/2025/06/09/3095596/0/en/LHV-Group-Elects-Mihkel-Torim-as-New-CEO.html,2025-06-09T05:00:00Z
The Daily Hodl,Chainwire,"Founders of LayerZero, SEI, Selini Capital, and Plume back hyper-personalized AI crypto discovery engine","June 9th, 2025 – Singapore, Singapore TrueNorth, led by a former chief of hybrid CeFi/DeFi exchange WOO and AI experts, raises a strategic angel round to pioneer the agentic economy. The founders of LayerZero, SEI, Selini Capital, Virtuals, Plume, and Presto …",https://dailyhodl.com/2025/06/08/founders-of-layerzero-sei-selini-capital-and-plume-back-hyper-personalized-ai-crypto-discovery-engine/,2025-06-09T04:56:04Z
ABC News,DEE-ANN DURBIN AP business writer,"Shoppers are wary of digital shelf labels, but a study found they don't lead to price surges",A new study that examined five years’ worth of prices at one U.S. grocery chain found that digital price tags haven’t led to demand-based pricing surges,https://abcnews.go.com/Technology/wireStory/shoppers-wary-digital-shelf-labels-study-found-lead-122643619,2025-06-09T04:54:29Z
ABC News,DEE-ANN DURBIN AP business writer,"Shoppers are wary of digital shelf labels, but a study found they don't lead to price surges",A new study that examined five years’ worth of prices at one U.S. grocery chain found that digital price tags haven’t led to demand-based pricing surges,https://abcnews.go.com/Business/wireStory/shoppers-wary-digital-shelf-labels-study-found-lead-122643618,2025-06-09T04:54:28Z
Hurriyet Daily News,hurriyetdailynews.com,NATO learns as Ukraine's 'creativity' changes battlefield,"Ukraine's ""creativity"", including its massive ""Spider's web"" drone attack deep inside Russia, holds profound lessons for Western militaries, the top NATO commander overseeing battlefield innovation told AFP.",https://www.hurriyetdailynews.com/nato-learns-as-ukraines-creativity-changes-battlefield-210073,2025-06-09T04:52:16Z
The Times of India,Bloomberg,Starmer calls on Nvidia’s Huang to train up Britons on AI,Prime Minister Keir Starmer is partnering with Nvidia's Jensen Huang to bolster the UK's AI capabilities and skills. This collaboration aims to train more individuals in AI and expand research at universities and Nvidia's Bristol lab.,https://economictimes.indiatimes.com/tech/artificial-intelligence/starmer-calls-on-nvidias-huang-to-train-up-britons-on-ai/articleshow/121718374.cms,2025-06-09T04:46:29Z
Amusingplanet.com,Kaushik Patowary,Salomon Andrée's Ill-Fated Arctic Balloon Expedition,"By the late 19th century, the North Pole remained one of the last great geographic mysteries. The quest to reach the inhospitable and danger...",https://www.amusingplanet.com/2025/06/salomon-andrees-ill-fated-arctic.html,2025-06-09T04:46:00Z
Yahoo Entertainment,,High Growth Tech Stocks In Asia Including Qi An Xin Technology Group,,https://consent.yahoo.com/v2/collectConsent?sessionId=1_cc-session_dfcc62d7-a6a2-4fb9-a982-1fd13825cf07,2025-06-09T04:37:59Z
Galencentre.org,Alifah Zainuddin,Cabinet To Decide On Cannabis Vaporiser Manufacturing: Health Minister,"Dr Dzul says Cabinet will decide its position on cannabis vaporiser manufacturing for export, saying this involves not just MOH, but MITI, MIDA & KPDN. A US-based vape company operates a Johor factory that produces cannabis and nicotine vaporiser hardware.",https://codeblue.galencentre.org/2025/06/cabinet-to-decide-on-cannabis-vaporiser-manufacturing-health-minister/,2025-06-09T04:37:45Z
Financial Post,The Associated Press,Asian shares rally ahead of US-China trade talks,"HONG KONG (AP) — Shares rose in Asia on Monday ahead of the second round of trade talks between Washington and Beijing, due later in the day in London. Tokyo’s Nikkei 225 gained 1.1% to 38,137.09 as the government reported that the Japanese economy contracted…",https://financialpost.com/pmn/asian-shares-rally-ahead-of-us-china-trade-talks,2025-06-09T04:35:23Z
Paul Tan's Automotive News,Mick Chan,Chinese EV makers told by Beijing to self-regulate; manufacturers’ group blames BYD for price wars,"Senior executives of several Chinese EV makers were summoned to Beijing to “self-regulate”, Bloomberg reported. “A certain automaker has taken the lead in launching significant price cuts and many companies have followed suit, triggering a […]
The post Chines…",https://paultan.org/2025/06/09/chinese-ev-makers-told-by-beijing-to-self-regulate-manufacturers-group-blames-byd-for-price-wars/,2025-06-09T04:34:36Z
Digitimes,Jingyue Hsiao,"Intel to enforce 50% gross margin rule, may halt low-profit projects","Intel is implementing a stricter profit policy as part of efforts to regain financial stability after years of declining margins. At the Bank of America Global Technology Conference, Johnston Holthaus, CEO of Intel Products, announced that Intel will no longe…",https://www.digitimes.com/news/a20250609PD227/intel-gross-margin-profit-policy-business.html,2025-06-09T04:32:17Z
Yahoo Entertainment,JIANG JUNZHE,Asian shares rally ahead of US-China trade talks,"Shares rose in Asia on Monday ahead of the second round of trade talks between Washington and Beijing, due later in the day in London.  The economy is...",https://finance.yahoo.com/news/asian-shares-rally-ahead-us-042809949.html,2025-06-09T04:28:09Z
CNN,"Brad Lendon, Mike Valerio and Yoonjung Seo, CNN",Satellite images show damaged North Korean warship moved to drydock near Russian border,"North Korea has moved a new warship damaged in a botched launch to a port near the Russian border, a move analysts say could point to a role for Moscow in...",https://www.cnn.com/2025/06/09/asia/damaged-north-korean-warship-drydock-satellite-images-intl-hnk-ml,2025-06-09T04:26:42Z
Thefreedictionary.com,,Martian Terraforming,"Since the concept of terraforming—making a planet's environment suitable for human habitation­—was first proposed, Mars has been one of the primary hypothetical candidates for its application. Although Mars may have had a relatively earthlike environment earl…",https://encyclopedia.thefreedictionary.com/Terraforming+of+Mars,2025-06-09T04:21:22Z
Soundonsound.com,Forum Admin,Roland introduces DrumLink Wireless System,"Roland, in collaboration with Drum Workshop (DW), has unveiled the DrumLink wireless system, what they are calling ""a groundbreaking advancement in wireless triggering technology for electronic drummers"".",https://www.soundonsound.com/news/roland-introduces-drumlink-wireless-system,2025-06-09T04:21:00Z
Soundonsound.com,Forum Admin,Roland introduce DrumLink Wireless System,"Roland, in collaboration with Drum Workshop (DW), have unveiled the DrumLink wireless system, which they are calling ""a groundbreaking advancement in wireless triggering technology for electronic drummers"".",https://www.soundonsound.com/news/roland-introduce-drumlink-wireless-system,2025-06-09T04:21:00Z
New Zealand Herald,,Young Grower of the Year 2025: Sam Carter wins Hawke’s Bay title,"Carter's keen for others to give horticulture a go: “Once you try it, you can get hooked”.",https://www.nzherald.co.nz/the-country/news/young-grower-of-the-year-2025-sam-carter-wins-hawkes-bay-title/GIBTLT3XOVC5VKNTNPNDBXCYLU/,2025-06-09T04:17:10Z
Financial Post,The Associated Press,"Shoppers are wary of digital shelf labels, but a study found they don’t lead to price surges","Digital price labels, which are rapidly replacing paper shelf tags at U.S. supermarkets, haven’t led to demand-based pricing surges, according to a new study that examined five years’ worth of prices at one grocery chain. But some shoppers, consumer advocates…",https://financialpost.com/pmn/shoppers-are-wary-of-digital-shelf-labels-but-a-study-found-they-dont-lead-to-price-surges,2025-06-09T04:16:54Z
Adweek,Rebecca Stewart,WPP CEO Mark Read to Exit After 7 Years,Read's exit follows WPP's share price hitting a four-year low.,https://www.adweek.com/agencies/wpp-ceo-mark-read-to-exit-after-7-years/,2025-06-09T04:15:31Z
Venturesquare.net,강진희,"핵클, 딥링크 서비스 ‘수파링크’ 인수","‘핵클(Hackle)’이 딥링크 서비스 ‘수파링크(Supalink)’를 인수했다고 밝혔다.
The post 핵클, 딥링크 서비스 ‘수파링크’ 인수 appeared first on 벤처스퀘어.",https://www.venturesquare.net/972062,2025-06-09T04:15:02Z
ABC News,ERIC TUCKER Associated Press,"Under Patel, FBI heightens focus on violent crime, illegal immigration. Other threats abound, too",The FBI under the leadership of Director Kash Patel has made fighting violent crime and illegal immigration top priorities,https://abcnews.go.com/US/wireStory/patel-fbi-heightens-focus-violent-crime-illegal-immigration-122643247,2025-06-09T04:14:26Z
The Times of India,Navdeep Singh,"GRSE shares rally 5% after signing MoUs in Sweden and Denmark to boost marine systems, explore cruise segment","GRSE shares: In Sweden, GRSE signed a Memorandum of Understanding (MoU) with Berg Propulsion, a global leader in marine propulsion technology. This partnership aims to jointly develop and manufacture propulsion equipment and systems, combining the technical e…",https://economictimes.indiatimes.com/markets/stocks/news/grse-shares-in-focus-after-mous-signed-in-sweden-and-denmark-to-boost-marine-systems-explore-cruise-segment/articleshow/121717766.cms,2025-06-09T04:07:11Z
Columbia.edu,David Krause,The GENIUS Act: Countering Criticisms and Charting a Path for Stablecoins,"Stablecoins have emerged as a central pillar of the digital asset ecosystem, offering a bridge between traditional fiat currencies and decentralized finance. The GENIUS Act, a stablecoin regulation proposal, is advancing with bipartisan support through the U.…",https://clsbluesky.law.columbia.edu/2025/06/09/the-genius-act-countering-criticisms-and-charting-a-path-for-stablecoins/,2025-06-09T04:05:53Z
Financial Post,The Associated Press,"Apple heads into annual showcase reeling from AI missteps, tech upheaval and Trump’s trade war","CUP (AP) — After stumbling out of the starting gate in Big Tech’s pivotal race to capitalize on artificial intelligence, Apple will try to regain its footing Monday at its annual Worldwide Developers Conference. The pre-summer rite, which attracts thousands o…",https://financialpost.com/pmn/apple-heads-into-annual-showcase-reeling-from-ai-missteps-tech-upheaval-and-trumps-trade-war,2025-06-09T04:04:41Z
Columbia.edu,Kevin S. Schwartz and David M. Adlerstein,Wachtell Lipton Discusses Cryptoasset Developments: Continued Progress Toward U.S. Regulatory Clarity,"As regulators and policymakers across the federal government press forward with creating long-sought rules of the road for the cryptoasset industry, several recent developments bear particular significance for the promise of the decentralized internet, or Web…",https://clsbluesky.law.columbia.edu/2025/06/09/wachtell-lipton-discusses-cryptoasset-developments-continued-progress-toward-u-s-regulatory-clarity/,2025-06-09T04:01:14Z
Digiday,Michael Bürgi,Media Buying Briefing: Upfront sports is getting the job done – but it’s not helping the rest of the market move,"The rest of the upfront marketplace, historically dominated by selling entertainment content rather than sports, is slow to build any momentum.",http://digiday.com/media-buying/media-buying-briefing-upfront-sports-is-getting-the-job-done-but-its-not-helping-the-rest-of-the-market-move/,2025-06-09T04:01:00Z
Intelnews.org,Joseph Fitsanakis,Leaked counterintelligence document reveals Russian concerns about Chinese spying,"A LEAKED REPORT AUTHORED by Russia’s primary counterintelligence agency reveals deep concern in national security circles about the intensity of Chinese spying against Russian interests, according to The New York Times. The paper said last week that the leake…",https://intelnews.org/2025/06/09/01-3402/,2025-06-09T04:01:00Z
The Irish Times,Ciara O'Brien,EasyGo to roll out domestic shared charging scheme,Homeowners will have free charger installed and will be paid for electricity used to charge cars of neighbours and general public,https://www.irishtimes.com/business/2025/06/09/easygo-to-roll-out-domestic-shared-charging-scheme/,2025-06-09T04:01:00Z
Lewrockwell.com,No Author,Palantir – Birth of the American Police State,"I have been having the most interesting conversations with ChatGPT. While I have previously dismissed AI as never having true intelligence, after using ChatGPT 4.1 for a while, I have found that I was partly wrong. While AI still can’t tell truth from error v…",https://www.lewrockwell.com/2025/06/no_author/palantir-birth-of-the-american-police-state/,2025-06-09T04:01:00Z
Digiday,Alexander Lee,"Epic Games CEO Tim Sweeney hopes to outbuild YouTube, outmaneuver Apple and outlast the metaverse hype",A Tim Sweeney interview sheds light on Epic Games' approach to Fortnite's evolution as a creator platform — and comparisons to YouTube.,http://digiday.com/media/epic-games-ceo-tim-sweeney-hopes-to-outbuild-youtube-outmaneuver-apple-and-outlast-the-metaverse-hype/,2025-06-09T04:01:00Z
The Irish Times,Dan Pender,Challenge of AI is to bridge the culture gap between its creators and custodians,"Where AI’s creators such as Sam Altman and Jony Ive focus on what’s possible, policymakers tilt towards the permissible",https://www.irishtimes.com/business/2025/06/09/challenge-of-ai-is-to-bridge-the-culture-gap-between-its-creators-and-custodians/,2025-06-09T04:00:00Z
Forbes,"Tim Clark, SAP, 
 Tim Clark, SAP
 https://www.forbes.com/sites/sap/people/timclark/",Cuisinart Outdoors Fires Up Growth—One Product Innovation At A Time,Learn how Cuisinart Outdoors is capitalizing on its legacy of quality to carve out a dominant position in outdoor cooking.,https://www.forbes.com/sites/sap/2025/06/09/cuisinart-outdoors-fires-up-growth-one-product-innovation-at-a-time/,2025-06-09T04:00:00Z
Americanthinker.com,,The Doomsday-Plot-Dots Congress Refuses to Connect,"While there is no record of how many bills have passed the U.S. Senate without any opposition, it is undoubtedly a rarity. Obviously, for this to happen, an issue must be straightforward and clearly understood by all to be in the best interests of th...",https://www.americanthinker.com/articles/2025/06/the_doomsday_plot_dots_congress_refuses_to_connect.html,2025-06-09T04:00:00Z
Meh.com,,Shark Matrix 2-in-1 Robot Vacuum & Mop w/ 360° LiDAR (Certified Renewed) $99.99,"<ul>
<li>It maps its route through your house intelligently (apparently)</li>
<li>It’s a Shark, so the suction is good</li>
<li>Can switch easily between vacuum and mopping modes</li>
<li>Is it Mac-compatible: Oh yeah, it’ll clean up all your phone’s iDroppin…",https://meh.com/deals/shark-matrix-2-in-1-robot-vacuum-mop-w-360-lidar-certified-renewed-7,2025-06-09T04:00:00Z
The Times of India,AFP,Nato learns as Ukraine's 'creativity' changes battlefield,Ukraine's drone attacks inside Russia offer valuable lessons for Western militaries. Nato is adapting its defense capabilities against potential Russian aggression. Western intelligence warns Russia could be ready to attack in four years. Nato aims to increas…,https://economictimes.indiatimes.com/news/defence/nato-learns-as-ukraines-creativity-changes-battlefield/articleshow/121717629.cms,2025-06-09T03:58:27Z
ABC News,"SARA CLINE Associated Press, MELISSA GOLDIN Associated Press",Unsubstantiated 'chemtrail' conspiracy theories lead to legislation proposed in US statehouses,"State legislatures are passing bills to ban weather modification and geoengineering based on decades-old “chemtrails” conspiracy theories, moving the fringe theory from online into actual public policy",https://abcnews.go.com/Politics/wireStory/unsubstantiated-chemtrail-conspiracy-theories-lead-legislation-proposed-us-122642881,2025-06-09T03:58:24Z
BusinessLine,AP- PTI,New disputes emerge ahead of US-China trade talks in London,"US-China trade talks in London address disputes over tariffs, advanced technology, rare earths, and student visas.",https://www.thehindubusinessline.com/news/world/new-disputes-emerge-ahead-of-us-china-trade-talks-in-london/article69673491.ece,2025-06-09T03:49:40Z
The Times of India,Reuters,"China's May exports miss expectations, imports widen declines","China's exports saw a 4.8% year-on-year increase in May, while imports decreased by 3.4%, according to customs data released on Monday. These figures come amidst ongoing trade tensions between China and the United States. Despite previous tariffs, exports had…",https://economictimes.indiatimes.com/news/international/business/chinas-may-exports-miss-expectations-imports-widen-declines/articleshow/121717319.cms,2025-06-09T03:35:42Z
